old_name,new_name
01207e3d7e.jpg,coin_001.jpg
0140acf6eb.jpg,coin_002.jpg
025c8579f0.jpg,coin_003.jpg
028ca794e7.jpg,coin_004.jpg
02e080206f.jpg,coin_005.jpg
0391d1cd81.jpg,coin_006.jpg
03ab6f403f.jpg,coin_007.jpg
05c7bef607.jpg,coin_008.jpg
06592a2984.jpg,coin_009.jpg
06dbf139bd.jpg,coin_010.jpg
06de4d46b4.jpg,coin_011.jpg
0712ebe773.jpg,coin_012.jpg
078aaee7f6.jpg,coin_013.jpg
0992f9217f.jpg,coin_014.jpg
0bcb8457d5.jpg,coin_015.jpg
0c0f693a3e.jpg,coin_016.jpg
0c7067ece2.jpg,coin_017.jpg
11178d409d.jpg,coin_018.jpg
14080c2080.jpg,coin_019.jpg
1573c64a86.jpg,coin_020.jpg
1576817f96.jpg,coin_021.jpg
16f46adcc2.jpg,coin_022.jpg
1a1db517f0.jpg,coin_023.jpg
1a203989bd.jpg,coin_024.jpg
1d5fb7f409.jpg,coin_025.jpg
1e5109de3a.jpg,coin_026.jpg
1f3c0f520a.jpg,coin_027.jpg
207092513f.jpg,coin_028.jpg
209529add9.jpg,coin_029.jpg
21ad309395.jpg,coin_030.jpg
23560e97ad.jpg,coin_031.jpg
244d4d4639.jpg,coin_032.jpg
24699d577c.jpg,coin_033.jpg
2564ee861d.jpg,coin_034.jpg
26fb204f51.jpg,coin_035.jpg
27ad5d7140.jpg,coin_036.jpg
2895e89ff2.jpg,coin_037.jpg
2bf5e82e5a.jpg,coin_038.jpg
2c8f0e58fb.jpg,coin_039.jpg
2ed9a9c1e2.jpg,coin_040.jpg
2f52601471.jpg,coin_041.jpg
2fc068f84e.jpg,coin_042.jpg
31357b26f3.jpg,coin_043.jpg
31e4b72f06.jpg,coin_044.jpg
321f79f6bb.jpg,coin_045.jpg
342d14adbd.jpg,coin_046.jpg
35f856e199.jpg,coin_047.jpg
3613533eef.jpg,coin_048.jpg
3731e4b26c.jpg,coin_049.jpg
3942739722.jpg,coin_050.jpg
3a31d6cc15.jpg,coin_051.jpg
3c64dca0b6.jpg,coin_052.jpg
3d315bb61e.jpg,coin_053.jpg
3fa08174b0.jpg,coin_054.jpg
419d2d60c3.jpg,coin_055.jpg
41ee53b36e.jpg,coin_056.jpg
420cd5cadc.jpg,coin_057.jpg
421f429a45.jpg,coin_058.jpg
424d624a79.jpg,coin_059.jpg
4291a46303.jpg,coin_060.jpg
42a0da06b7.jpg,coin_061.jpg
4359d7bf90.jpg,coin_062.jpg
43de9c935d.jpg,coin_063.jpg
444107b8c9.jpg,coin_064.jpg
4464e8c6c9.jpg,coin_065.jpg
44cf53bcde.jpg,coin_066.jpg
44e195e1ef.jpg,coin_067.jpg
46076bb5d5.jpg,coin_068.jpg
47b061170d.jpg,coin_069.jpg
48fa79d7ae.jpg,coin_070.jpg
49fd927d4c.jpg,coin_071.jpg
4a1315d458.jpg,coin_072.jpg
4a4bd0f725.jpg,coin_073.jpg
4ba1b09981.jpg,coin_074.jpg
4c0fee8a9c.jpg,coin_075.jpg
4ca15155e9.jpg,coin_076.jpg
4e47138c7e.jpg,coin_077.jpg
4e95f6db6a.jpg,coin_078.jpg
4e9e203a40.jpg,coin_079.jpg
4fe02e46cb.jpg,coin_080.jpg
50797d435f.jpg,coin_081.jpg
50e7fe98b7.jpg,coin_082.jpg
5189314af4.jpg,coin_083.jpg
563563f749.jpg,coin_084.jpg
566b1031a8.jpg,coin_085.jpg
569a5a3984.jpg,coin_086.jpg
5ab456ac02.jpg,coin_087.jpg
5b7a05e3dd.jpg,coin_088.jpg
5d6b82679d.jpg,coin_089.jpg
5edc210162.jpg,coin_090.jpg
5f8a04cee8.jpg,coin_091.jpg
609e94b29b.jpg,coin_092.jpg
60fc6231cd.jpg,coin_093.jpg
612e80df45.jpg,coin_094.jpg
61958bd2dd.jpg,coin_095.jpg
670dc0a72f.jpg,coin_096.jpg
681165d9f1.jpg,coin_097.jpg
6bf1678fa3.jpg,coin_098.jpg
6bf4f833a4.jpg,coin_099.jpg
6c8ccc2bdc.jpg,coin_100.jpg
6d2e7e9448.jpg,coin_101.jpg
6d4d37ae2c.jpg,coin_102.jpg
6da8539078.jpg,coin_103.jpg
6dc3173bf2.jpg,coin_104.jpg
716dcf2d66.jpg,coin_105.jpg
7262427976.jpg,coin_106.jpg
72d0dbe5f5.jpg,coin_107.jpg
766f507935.jpg,coin_108.jpg
767455e3f9.jpg,coin_109.jpg
7779953784.jpg,coin_110.jpg
782058a969.jpg,coin_111.jpg
79eb826b40.jpg,coin_112.jpg
7c13cfe7f1.jpg,coin_113.jpg
7c3720e174.jpg,coin_114.jpg
7c7942b825.jpg,coin_115.jpg
7ce16206bb.jpg,coin_116.jpg
7e122f5d1f.jpg,coin_117.jpg
827d23c09e.jpg,coin_118.jpg
85db729dc0.jpg,coin_119.jpg
85e4b42fb6.jpg,coin_120.jpg
8605748432.jpg,coin_121.jpg
868bb275c3.jpg,coin_122.jpg
87a1c3b8af.jpg,coin_123.jpg
87f4bed37f.jpg,coin_124.jpg
898beeed4c.jpg,coin_125.jpg
8c7c691333.jpg,coin_126.jpg
8e89dfa19b.jpg,coin_127.jpg
9082197e8c.jpg,coin_128.jpg
908f1fc748.jpg,coin_129.jpg
91851d8baa.jpg,coin_130.jpg
94b5bdb199.jpg,coin_131.jpg
962d332c3c.jpg,coin_132.jpg
97868f7555.jpg,coin_133.jpg
97e6af6151.jpg,coin_134.jpg
980bc77535.jpg,coin_135.jpg
98e915fe15.jpg,coin_136.jpg
990db901a0.jpg,coin_137.jpg
9981524f15.jpg,coin_138.jpg
9ab6493bdc.jpg,coin_139.jpg
9b1df4ab21.jpg,coin_140.jpg
9bdccee820.jpg,coin_141.jpg
9d2dea7b8f.jpg,coin_142.jpg
9e575d70ea.jpg,coin_143.jpg
9ef3898d38.jpg,coin_144.jpg
a15f18c804.jpg,coin_145.jpg
a188d78b85.jpg,coin_146.jpg
a19f00a771.jpg,coin_147.jpg
a1fae3d9ea.jpg,coin_148.jpg
a5faa8e072.jpg,coin_149.jpg
a61fb409e8.jpg,coin_150.jpg
a9515c596b.jpg,coin_151.jpg
aaf925663f.jpg,coin_152.jpg
abd33e40b9.jpg,coin_153.jpg
ad43774456.jpg,coin_154.jpg
ae2a9d0217.jpg,coin_155.jpg
afc5895108.jpg,coin_156.jpg
afed6c9305.jpg,coin_157.jpg
b05183cf6c.jpg,coin_158.jpg
b22b3d9c4e.jpg,coin_159.jpg
b2ff113277.jpg,coin_160.jpg
b36a35b1cf.jpg,coin_161.jpg
b490ad931a.jpg,coin_162.jpg
b61d911828.jpg,coin_163.jpg
b65bf338f7.jpg,coin_164.jpg
bb8b54822f.jpg,coin_165.jpg
bc673941fb.jpg,coin_166.jpg
bc6914ff98.jpg,coin_167.jpg
bd5e683f30.jpg,coin_168.jpg
bd7c825ab5.jpg,coin_169.jpg
bdddd66dc5.jpg,coin_170.jpg
be037b359a.jpg,coin_171.jpg
c0ac04a0cf.jpg,coin_172.jpg
c13910bc18.jpg,coin_173.jpg
c1a9fbb8bc.jpg,coin_174.jpg
c20d83cdfe.jpg,coin_175.jpg
c2d0445950.jpg,coin_176.jpg
c36182ac9a.jpg,coin_177.jpg
c3ddc33f41.jpg,coin_178.jpg
c45fe65ea2.jpg,coin_179.jpg
c61640a9c1.jpg,coin_180.jpg
c99b8f0e24.jpg,coin_181.jpg
cb1e6a6967.jpg,coin_182.jpg
cb4769d1a9.jpg,coin_183.jpg
cf0943d302.jpg,coin_184.jpg
d0a3c1f8d3.jpg,coin_185.jpg
d339767881.jpg,coin_186.jpg
d3a549a4ac.jpg,coin_187.jpg
d4a5b2ad56.jpg,coin_188.jpg
d603d1e7e2.jpg,coin_189.jpg
d7416e5a02.jpg,coin_190.jpg
d74bf34efc.jpg,coin_191.jpg
d87fde36bf.jpg,coin_192.jpg
d8e50e61e9.jpg,coin_193.jpg
dc76e7bc74.jpg,coin_194.jpg
e036bb9f36.jpg,coin_195.jpg
e458d60056.jpg,coin_196.jpg
e464aa2ba3.jpg,coin_197.jpg
e48a9d76fa.jpg,coin_198.jpg
e5498c038d.jpg,coin_199.jpg
e56270ad8e.jpg,coin_200.jpg
e58d420bba.jpg,coin_201.jpg
e7047cebbb.jpg,coin_202.jpg
e87b700514.jpg,coin_203.jpg
e893dcbca8.jpg,coin_204.jpg
e982d8d424.jpg,coin_205.jpg
ea2f399c2c.jpg,coin_206.jpg
ecb30e89ac.jpg,coin_207.jpg
ecf7752465.jpg,coin_208.jpg
f14da4ee62.jpg,coin_209.jpg
f35a790bd0.jpg,coin_210.jpg
f5fd0e7e9b.jpg,coin_211.jpg
f8101d6dd1.jpg,coin_212.jpg
f8b6b6d100.jpg,coin_213.jpg
f8cc6f7201.jpg,coin_214.jpg
fa5950f31e.jpg,coin_215.jpg
